{
  "3fc67205bb0dabf3267512705ac975ac0a4536cd.png": {
    "title": "video-poster.png",
    "description": "video-poster.png",
    "tags": []
  },
  "d8336f4f59ee6cf1dff317009f715a46c009b015.png": {
    "title": "fond4.png",
    "description": "fond4.png",
    "tags": []
  },
  "80634579fc04a3cb99156b92cbb5d99d28cfa7bb.png": {
    "title": "lesson-cover.png",
    "description": "lesson-cover.png",
    "tags": []
  },
  "0320338a7385621331a9b492f70bf35f86b933d9.png": {
    "title": "question3-thumbnail.png",
    "description": "question3-thumbnail.png",
    "tags": []
  },
  "bd446f85b7bc8d957bd5ece9f8412025c6a93dd3.mp4": {
    "title": "lesson-objectives.mp4",
    "description": "lesson-objectives.mp4",
    "tags": []
  },
  "68c46005cda766a105d4b8e003f53eb17afb20fd.mp4": {
    "title": "question-Q1.mp4",
    "description": "question-Q1.mp4",
    "tags": []
  },
  "bf931ec7591aceeeb65cb8150f53cc77d5f5befb.png": {
    "title": "eval-cover.png",
    "description": "eval-cover.png",
    "tags": []
  },
  "f211899e119a5fd91fe18834311014880aeba332.mp4": {
    "title": "activity1.mp4",
    "description": "activity1.mp4",
    "tags": []
  }
}